Destination Port,Flow Duration,Total Fwd Packets,Total Backward Packets,Total Length of Fwd Packets,Total Length of Bwd Packets,Fwd Packet Length Max,Fwd Packet Length Min,Fwd Packet Length Mean,Fwd Packet Length Std,Bwd Packet Length Max,Bwd Packet Length Min,Bwd Packet Length Mean,Bwd Packet Length Std,Flow Bytes/s,Flow Packets/s,Flow IAT Mean,Flow IAT Std,Flow IAT Max,Flow IAT Min,Fwd IAT Total,Fwd IAT Mean,Fwd IAT Std,Fwd IAT Max,Fwd IAT Min,Bwd IAT Total,Bwd IAT Mean,Bwd IAT Std,Bwd IAT Max,Bwd IAT Min,Fwd PSH Flags,Fwd URG Flags,Fwd Header Length,Bwd Header Length,Fwd Packets/s,Bwd Packets/s,Min Packet Length,Max Packet Length,Packet Length Mean,Packet Length Std,Packet Length Variance,FIN Flag Count,SYN Flag Count,RST Flag Count,PSH Flag Count,ACK Flag Count,URG Flag Count,CWE Flag Count,ECE Flag Count,Down/Up Ratio,Average Packet Size,Avg Fwd Segment Size,Avg Bwd Segment Size,Subflow Fwd Packets,Subflow Fwd Bytes,Subflow Bwd Packets,Subflow Bwd Bytes,Init_Win_bytes_forward,Init_Win_bytes_backward,act_data_pkt_fwd,min_seg_size_forward,Active Mean,Active Std,Active Max,Active Min,Idle Mean,Idle Std,Idle Max,Idle Min
80,100420751,10,6,978,11595,326,0,97.8,157.47296,5792,0,1932.5,2181.0083,125.20321,0.15932962,6694716.5,25800000.0,99900000,1,100000000,11100000.0,33300000.0,99900000,1,559410,111882.0,183974.38,423881,14,0,0,328,200,0.09958101,0.05974861,0,5792,739.58826,1525.0267,2325706.8,0,0,0,0,1,0,0,0,0,785.8125,97.8,1932.5,10,978,6,11595,251,235,3,32,967.0,0.0,967,967,99900000.0,0.0,99900000,99900000
53,48325,2,2,92,222,46,46,46.0,0.0,111,111,111.0,0.0,6497.672,82.77289,16108.333,27895.256,48319,3,3,3.0,0.0,3,3,3,3.0,0.0,3,3,0,0,40,64,41.386444,41.386444,46,111,72.0,35.601967,1267.5,0,0,0,0,0,0,0,0,1,90.0,46.0,111.0,2,92,2,222,-1,-1,1,20,0.0,0.0,0,0,0.0,0.0,0,0
80,400048,3,4,568,947,562,0,189.33333,322.75275,935,0,236.75,465.5086,3787.0457,17.4979,66674.664,102776.23,199407,3,199461,99730.5,140884.66,199351,110,200741,66913.664,114877.46,199561,3,0,0,72,88,7.4991,9.9988,0,935,189.375,359.22015,129039.125,0,0,0,1,0,0,0,0,1,216.42857,189.33333,236.75,3,568,4,947,8192,4942,2,20,0.0,0.0,0,0,0.0,0.0,0,0
53,70781,1,1,56,141,56,56,56.0,0.0,141,141,141.0,0.0,2783.2327,28.25617,70781.0,0.0,70781,70781,0,0.0,0.0,0,0,0,0.0,0.0,0,0,0,0,32,40,14.128085,14.128085,56,141,84.333336,49.07477,2408.3333,0,0,0,0,0,0,0,0,1,126.5,56.0,141.0,1,56,1,141,-1,-1,0,32,0.0,0.0,0,0,0.0,0.0,0,0
53,49080,2,2,78,192,39,39,39.0,0.0,96,96,96.0,0.0,5501.2227,81.499596,16360.0,28290.46,49027,4,49,49.0,0.0,49,49,4,4.0,0.0,4,4,0,0,64,40,40.749798,40.749798,39,96,61.8,31.220186,974.7,0,0,0,0,0,0,0,0,1,77.25,39.0,96.0,2,78,2,192,-1,-1,1,32,0.0,0.0,0,0,0.0,0.0,0,0
80,5985387,3,1,12,0,6,0,4.0,3.4641016,0,0,0.0,0.0,2.0048828,0.6682943,1995129.0,3421920.2,5946358,7,5985387,2992693.5,4177112.5,5946358,39029,0,0.0,0.0,0,0,0,0,72,32,0.5012207,0.16707358,0,6,2.4,3.2863352,10.8,0,0,0,1,0,0,0,0,0,3.0,4.0,0.0,3,12,1,0,8192,29200,2,20,0.0,0.0,0,0,0.0,0.0,0,0
53,48357,1,1,59,122,59,59,59.0,0.0,122,122,122.0,0.0,3742.9949,41.35906,48357.0,0.0,48357,48357,0,0.0,0.0,0,0,0,0.0,0.0,0,0,0,0,32,32,20.67953,20.67953,59,122,80.0,36.373066,1323.0,0,0,0,0,0,0,0,0,1,120.0,59.0,122.0,1,59,1,122,-1,-1,0,32,0.0,0.0,0,0,0.0,0.0,0,0
443,4101160,5,1,123,46,46,0,24.6,23.276598,46,46,46.0,0.0,41.207855,1.4630007,820232.0,1771010.4,3987586,4,4101160,1025290.0,1975258.8,3987586,4,0,0.0,0.0,0,0,1,0,160,32,1.2191672,0.24383345,0,46,30.714285,21.684975,470.2381,0,1,0,0,1,0,0,0,0,35.833332,24.6,46.0,5,123,1,46,329,126,2,32,0.0,0.0,0,0,0.0,0.0,0,0
4741,24,1,1,6,6,6,6,6.0,0.0,6,6,6.0,0.0,500000.0,83333.336,24.0,0.0,24,24,0,0.0,0.0,0,0,0,0.0,0.0,0,0,0,0,20,20,41666.668,41666.668,6,6,6.0,0.0,0.0,0,0,0,0,1,1,0,0,1,9.0,6.0,6.0,1,6,1,6,29200,64240,0,20,0.0,0.0,0,0,0.0,0.0,0,0
26177,4073403,1,6,6,36,6,6,6.0,0.0,6,6,6.0,0.0,10.310789,1.7184649,678900.5,1649096.8,4045053,3,0,0.0,0.0,0,0,4069907,813981.4,1806252.8,4045053,3,0,0,20,120,0.24549498,1.4729699,6,6,6.0,0.0,0.0,0,0,0,0,1,1,0,0,6,6.857143,6.0,6.0,1,6,6,36,229,0,0,20,0.0,0.0,0,0,0.0,0.0,0,0
8080,78008,4,3,207,134,195,0,51.75,95.54188,128,0,44.666668,72.23111,4371.3467,89.73438,13001.333,30800.398,75869,22,78008,26002.666,44262.31,77110,22,76446,38223.0,53239.484,75869,577,0,0,92,72,51.27679,38.457596,0,195,42.625,75.57577,5711.6963,0,0,0,1,0,0,0,0,0,48.714287,51.75,44.666668,4,207,3,134,8192,237,3,20,0.0,0.0,0,0,0.0,0.0,0,0
80,5277739,3,1,0,0,0,0,0.0,0.0,0,0,0.0,0.0,0.0,0.7579003,1759246.4,3046332.5,5276848,137,5277739,2638869.5,3730665.0,5276848,891,0,0.0,0.0,0,0,0,0,104,40,0.56842524,0.18947507,0,0,0.0,0.0,0.0,0,0,0,1,0,0,0,0,0,0.0,0.0,0.0,3,0,1,0,29200,28960,0,32,0.0,0.0,0,0,0.0,0.0,0,0
53,60693,4,2,144,248,36,36,36.0,0.0,124,124,124.0,0.0,6458.735,98.858185,12138.6,16863.01,34401,3,34407,11469.0,19859.695,34401,3,4,4.0,0.0,4,4,0,0,104,40,65.90546,32.95273,36,124,61.142857,42.9396,1843.8096,0,0,0,0,0,0,0,0,0,71.333336,36.0,124.0,4,144,2,248,-1,-1,3,20,0.0,0.0,0,0,0.0,0.0,0,0
443,10311586,12,15,5716,12497,2744,0,476.33334,854.12244,2537,0,833.13336,837.1368,1766.2656,2.618414,396599.47,1958279.5,9996321,3,10300000,937143.2,3005196.8,9996321,49,10300000,734238.56,2667086.0,9999354,3,0,0,392,488,1.1637396,1.4546744,0,2744,650.4643,841.5909,708275.25,0,0,0,1,0,0,0,0,1,674.55554,476.33334,833.13336,12,5716,15,12497,29200,82,5,32,312254.0,0.0,312254,312254,9996321.0,0.0,9996321,9996321
53,282,2,2,88,664,44,44,44.0,0.0,332,332,332.0,0.0,2666666.8,14184.397,94.0,150.7415,268,3,3,3.0,0.0,3,3,11,11.0,0.0,11,11,0,0,64,64,7092.1987,7092.1987,44,332,159.2,157.7441,24883.2,0,0,0,0,0,0,0,0,1,199.0,44.0,332.0,2,88,2,664,-1,-1,1,32,0.0,0.0,0,0,0.0,0.0,0,0
53,197,2,2,62,190,31,31,31.0,0.0,95,95,95.0,0.0,1279187.9,20304.568,65.666664,73.11862,146,3,3,3.0,0.0,3,3,48,48.0,0.0,48,48,0,0,64,64,10152.284,10152.284,31,95,56.6,35.054245,1228.8,0,0,0,0,0,0,0,0,1,70.75,31.0,95.0,2,62,2,190,-1,-1,1,32,0.0,0.0,0,0,0.0,0.0,0,0
53,69060,2,2,60,244,30,30,30.0,0.0,122,122,122.0,0.0,4401.969,57.92065,23020.0,39865.746,69053,3,4,4.0,0.0,4,4,3,3.0,0.0,3,3,0,0,88,64,28.960325,28.960325,30,122,66.8,50.390476,2539.2,0,0,0,0,0,0,0,0,1,83.5,30.0,122.0,2,60,2,244,-1,-1,1,44,0.0,0.0,0,0,0.0,0.0,0,0
53,198,2,2,70,452,35,35,35.0,0.0,226,226,226.0,0.0,2636363.8,20202.02,66.0,107.38715,190,4,4,4.0,0.0,4,4,4,4.0,0.0,4,4,0,0,40,40,10101.01,10101.01,35,226,111.4,104.615005,10944.3,0,0,0,0,0,0,0,0,1,139.25,35.0,226.0,2,70,2,452,-1,-1,1,20,0.0,0.0,0,0,0.0,0.0,0,0
53,32243,1,1,57,96,57,57,57.0,0.0,96,96,96.0,0.0,4745.216,62.02897,32243.0,0.0,32243,32243,0,0.0,0.0,0,0,0,0.0,0.0,0,0,0,0,20,20,31.014484,31.014484,57,96,70.0,22.51666,507.0,0,0,0,0,0,0,0,0,1,105.0,57.0,96.0,1,57,1,96,-1,-1,0,20,0.0,0.0,0,0,0.0,0.0,0,0
53,515,1,1,45,102,45,45,45.0,0.0,102,102,102.0,0.0,285436.9,3883.495,515.0,0.0,515,515,0,0.0,0.0,0,0,0,0.0,0.0,0,0,0,0,32,32,1941.7476,1941.7476,45,102,64.0,32.908966,1083.0,0,0,0,0,0,0,0,0,1,96.0,45.0,102.0,1,45,1,102,-1,-1,0,32,0.0,0.0,0,0,0.0,0.0,0,0
443,6065783,7,4,635,154,517,0,90.71429,190.7072,154,0,38.5,77.0,130.0739,1.8134509,606578.3,1755920.9,5598391,3,6065783,1010963.8,2280564.5,5661654,3,437721,145907.0,174561.72,340100,2028,0,0,232,136,1.1540142,0.6594367,0,517,65.75,150.04794,22514.387,0,0,0,1,0,0,0,0,0,71.72727,90.71429,38.5,7,635,4,154,29200,118,3,32,467389.0,0.0,467389,467389,5598391.0,0.0,5598391,5598391
53,31144,2,2,58,90,29,29,29.0,0.0,45,45,45.0,0.0,4752.119,128.43565,10381.333,17899.59,31050,46,48,48.0,0.0,48,48,46,46.0,0.0,46,46,0,0,40,40,64.21783,64.21783,29,45,35.4,8.763561,76.8,0,0,0,0,0,0,0,0,1,44.25,29.0,45.0,2,58,2,90,-1,-1,1,20,0.0,0.0,0,0,0.0,0.0,0,0
6881,12,1,1,2,6,2,2,2.0,0.0,6,6,6.0,0.0,666666.7,166666.67,12.0,0.0,12,12,0,0.0,0.0,0,0,0,0.0,0.0,0,0,0,0,24,20,83333.336,83333.336,2,6,3.3333333,2.309401,5.3333335,0,0,0,1,0,0,0,0,1,5.0,2.0,6.0,1,2,1,6,1024,0,0,24,0.0,0.0,0,0,0.0,0.0,0,0
58108,4,2,0,37,0,31,6,18.5,17.67767,0,0,0.0,0.0,9250000.0,500000.0,4.0,0.0,4,4,4,4.0,0.0,4,4,0,0.0,0.0,0,0,1,0,40,0,500000.0,0.0,6,31,22.666666,14.433757,208.33333,0,1,0,0,1,0,0,0,0,34.0,18.5,0.0,2,37,0,0,30856,-1,1,20,0.0,0.0,0,0,0.0,0.0,0,0
443,10035942,40,71,1276,112761,405,0,31.9,96.64973,4344,0,1588.1831,806.957,11362.859,11.060247,91235.836,938987.2,9849725,0,10000000,257331.84,1576457.0,9849725,0,10000000,142955.94,1179900.1,9873507,48,0,0,1292,2280,3.9856746,7.0745726,0,4344,1018.1875,990.7757,981636.44,0,0,0,1,0,0,0,0,1,1027.3604,31.9,1588.1831,40,1276,71,112761,65535,126,7,32,148025.0,0.0,148025,148025,9849725.0,0.0,9849725,9849725
39982,52,1,1,0,0,0,0,0.0,0.0,0,0,0.0,0.0,0.0,38461.54,52.0,0.0,52,52,0,0.0,0.0,0,0,0,0.0,0.0,0,0,0,0,32,32,19230.77,19230.77,0,0,0.0,0.0,0.0,0,0,0,0,1,1,0,0,1,0.0,0.0,0.0,1,0,1,0,118,241,0,32,0.0,0.0,0,0,0.0,0.0,0,0
53,166,2,2,74,170,37,37,37.0,0.0,85,85,85.0,0.0,1469879.5,24096.385,55.333332,90.64399,160,3,3,3.0,0.0,3,3,3,3.0,0.0,3,3,0,0,64,64,12048.192,12048.192,37,85,56.2,26.290682,691.2,0,0,0,0,0,0,0,0,1,70.25,37.0,85.0,2,74,2,170,-1,-1,1,32,0.0,0.0,0,0,0.0,0.0,0,0
56325,327,3,0,43,0,31,6,14.333333,14.433757,0,0,0.0,0.0,131498.47,9174.312,163.5,226.98128,324,3,327,163.5,226.98128,324,3,0,0.0,0.0,0,0,0,0,60,0,9174.312,0.0,6,31,12.25,12.5,156.25,0,0,0,0,1,0,0,0,0,16.333334,14.333333,0.0,3,43,0,0,62,-1,2,20,0.0,0.0,0,0,0.0,0.0,0,0
6748,57,1,1,6,6,6,6,6.0,0.0,6,6,6.0,0.0,210526.31,35087.72,57.0,0.0,57,57,0,0.0,0.0,0,0,0,0.0,0.0,0,0,0,0,20,20,17543.86,17543.86,6,6,6.0,0.0,0.0,0,0,0,0,1,1,0,0,1,9.0,6.0,6.0,1,6,1,6,157,255,0,20,0.0,0.0,0,0,0.0,0.0,0,0
443,139029,10,5,1155,735,901,0,115.5,280.39188,597,0,147.0,258.55753,13594.286,107.89116,9930.643,14885.502,36653,48,139029,15447.667,20741.52,52167,48,93135,23283.75,17765.998,37792,462,0,0,332,168,71.92744,35.96372,0,901,118.125,257.31638,66211.72,0,0,0,1,0,0,0,0,0,126.0,115.5,147.0,10,1155,5,735,65535,362,5,32,0.0,0.0,0,0,0.0,0.0,0,0
52471,22,1,1,6,6,6,6,6.0,0.0,6,6,6.0,0.0,545454.56,90909.09,22.0,0.0,22,22,0,0.0,0.0,0,0,0,0.0,0.0,0,0,0,0,20,20,45454.547,45454.547,6,6,6.0,0.0,0.0,0,0,0,0,1,1,0,0,1,9.0,6.0,6.0,1,6,1,6,229,255,0,20,0.0,0.0,0,0,0.0,0.0,0,0
41913,3,2,0,0,0,0,0,0.0,0.0,0,0,0.0,0.0,0.0,666666.7,3.0,0.0,3,3,3,3.0,0.0,3,3,0,0.0,0.0,0,0,0,0,64,0,666666.7,0.0,0,0,0.0,0.0,0.0,0,0,0,0,1,0,0,0,0,0.0,0.0,0.0,2,0,0,0,340,-1,0,32,0.0,0.0,0,0,0.0,0.0,0,0
53,23643,1,1,41,103,41,41,41.0,0.0,103,103,103.0,0.0,6090.5977,84.59164,23643.0,0.0,23643,23643,0,0.0,0.0,0,0,0,0.0,0.0,0,0,0,0,20,20,42.29582,42.29582,41,103,61.666668,35.795715,1281.3334,0,0,0,0,0,0,0,0,1,92.5,41.0,103.0,1,41,1,103,-1,-1,0,20,0.0,0.0,0,0,0.0,0.0,0,0
443,20667664,19,17,1115,18215,709,0,58.68421,168.29572,2896,0,1071.4706,952.8965,935.27747,1.7418514,590504.7,2354809.0,10000000,4,20700000,1148203.5,3230110.2,10000000,4,20200000,1263023.6,3422605.5,10000000,79,0,0,616,552,0.91931045,0.82254094,0,2896,522.43243,825.3225,681157.25,0,0,0,1,0,0,0,0,0,536.94446,58.68421,1071.4706,19,1115,17,18215,29200,123,4,32,90888.0,104039.445,164455,17321,10000000.0,24435.488,10000000,9996145
53,73294,1,1,54,179,54,54,54.0,0.0,179,179,179.0,0.0,3178.9778,27.287363,73294.0,0.0,73294,73294,0,0.0,0.0,0,0,0,0.0,0.0,0,0,0,0,32,32,13.643682,13.643682,54,179,95.666664,72.168785,5208.3335,0,0,0,0,0,0,0,0,1,143.5,54.0,179.0,1,54,1,179,-1,-1,0,32,0.0,0.0,0,0,0.0,0.0,0,0
53,60926,2,2,72,286,36,36,36.0,0.0,143,143,143.0,0.0,5875.9805,65.65341,20308.666,35170.445,60920,3,3,3.0,0.0,3,3,3,3.0,0.0,3,3,0,0,64,80,32.826706,32.826706,36,143,78.8,58.60631,3434.7,0,0,0,0,0,0,0,0,1,98.5,36.0,143.0,2,72,2,286,-1,-1,1,32,0.0,0.0,0,0,0.0,0.0,0,0
443,21454596,11,11,941,5262,573,0,85.545456,174.34412,1460,0,478.36365,632.1089,289.1222,1.0254213,1021647.44,2993733.5,9994901,3,21500000,2145459.5,4167200.8,10000000,162,20200000,2021765.8,4228472.0,10000000,3,0,0,232,256,0.51271063,0.51271063,0,1460,269.69565,487.3071,237468.22,0,0,0,1,0,0,0,0,1,281.95456,85.545456,478.36365,11,941,11,5262,8192,123,10,20,115186.0,89979.336,178811,51561,9993664.0,1748.675,9994901,9992428
21,260,2,1,14,0,14,0,7.0,9.899495,0,0,0.0,0.0,53846.152,11538.462,130.0,117.37972,213,47,260,260.0,0.0,260,260,0,0.0,0.0,0,0,1,0,64,20,7692.3076,3846.1538,0,14,7.0,8.082904,65.333336,0,1,0,0,1,0,0,0,0,9.333333,7.0,0.0,2,14,1,0,229,0,0,32,0.0,0.0,0,0,0.0,0.0,0,0
21,8688315,9,15,101,188,20,0,11.222222,8.771798,34,0,12.533334,14.54975,33.263065,2.7623308,377752.8,980375.06,2996468,3,5826550,728318.75,1348540.6,3038744,3,8688196,620585.44,1210066.6,2996468,3,0,0,296,488,1.035874,1.7264568,0,34,11.56,12.463547,155.34,0,0,0,1,0,0,0,0,1,12.041667,11.222222,12.533334,9,101,15,188,29200,227,6,32,0.0,0.0,0,0,0.0,0.0,0,0
53,211,2,2,60,264,30,30,30.0,0.0,132,132,132.0,0.0,1535545.0,18957.346,70.333336,80.847595,160,3,3,3.0,0.0,3,3,48,48.0,0.0,48,48,0,0,64,64,9478.673,9478.673,30,132,70.8,55.867702,3121.2,0,0,0,0,0,0,0,0,1,88.5,30.0,132.0,2,60,2,264,-1,-1,1,32,0.0,0.0,0,0,0.0,0.0,0,0
443,116152734,22,19,1003,5451,543,0,45.590908,120.9036,1460,0,286.89474,522.09735,55.56477,0.3529835,2903818.2,4492033.5,10000000,3,116000000,5531082.5,4978364.5,10100000,3,111000000,6171804.0,5023968.0,10100000,48,0,0,452,524,0.18940578,0.16357772,0,1460,153.66667,377.13098,142227.78,0,0,0,1,0,0,0,0,0,157.41463,45.590908,286.89474,22,1003,19,5451,8192,980,21,20,102876.18,121976.82,470650,65942,9996439.0,12902.997,10000000,9957562
53,48875,2,2,64,134,32,32,32.0,0.0,67,67,67.0,0.0,4051.151,81.84143,16291.667,28212.799,48869,3,3,3.0,0.0,3,3,3,3.0,0.0,3,3,0,0,64,64,40.920715,40.920715,32,67,46.0,19.17029,367.5,0,0,0,0,0,0,0,0,1,57.5,32.0,67.0,2,64,2,134,-1,-1,1,32,0.0,0.0,0,0,0.0,0.0,0,0
3017,26,1,1,0,6,0,0,0.0,0.0,6,6,6.0,0.0,230769.23,76923.08,26.0,0.0,26,26,0,0.0,0.0,0,0,0,0.0,0.0,0,0,0,0,40,20,38461.54,38461.54,0,6,2.0,3.4641016,12.0,0,0,0,1,0,0,0,0,1,3.0,0.0,6.0,1,0,1,6,29200,0,0,40,0.0,0.0,0,0,0.0,0.0,0,0
80,195110,3,0,0,0,0,0,0.0,0.0,0,0,0.0,0.0,0.0,15.375942,97555.0,85262.94,157845,37265,195110,97555.0,85262.94,157845,37265,0,0.0,0.0,0,0,0,0,96,0,15.375942,0.0,0,0,0.0,0.0,0.0,0,0,0,0,1,0,0,0,0,0.0,0.0,0.0,3,0,0,0,237,-1,0,32,0.0,0.0,0,0,0.0,0.0,0,0
80,109,1,1,0,0,0,0,0.0,0.0,0,0,0.0,0.0,0.0,18348.623,109.0,0.0,109,109,0,0.0,0.0,0,0,0,0.0,0.0,0,0,0,0,32,32,9174.312,9174.312,0,0,0.0,0.0,0.0,0,0,0,0,1,1,0,0,1,0.0,0.0,0.0,1,0,1,0,260,236,0,32,0.0,0.0,0,0,0.0,0.0,0,0
80,27063805,70,84,11181,113008,490,0,159.72858,222.94777,2896,0,1345.3334,627.72314,4588.7485,5.6902566,176887.61,1228647.9,10000000,1,21200000,307185.0,1690679.9,10000000,1,27000000,325666.4,1663125.5,10000000,48,0,0,2248,2696,2.5864804,3.1037765,0,2896,801.21936,766.3857,587347.0,0,0,0,1,0,0,0,0,1,806.42206,159.72858,1345.3334,70,11181,84,113008,29200,16,24,32,594195.0,793038.6,1154958,33432,10000000.0,3986.668,10000000,10000000
53,159212,2,2,72,286,36,36,36.0,0.0,143,143,143.0,0.0,2248.5742,25.123734,53070.668,91856.15,159137,4,71,71.0,0.0,71,71,4,4.0,0.0,4,4,0,0,40,40,12.561867,12.561867,36,143,78.8,58.60631,3434.7,0,0,0,0,0,0,0,0,1,98.5,36.0,143.0,2,72,2,286,-1,-1,1,20,0.0,0.0,0,0,0.0,0.0,0,0
443,115739348,76,134,1654,218626,517,0,21.763159,89.89355,4344,0,1631.5374,874.31934,1903.2421,1.8144219,553776.8,2259451.5,10024784,0,115739348,1543191.2,3584010.8,10040003,3,110692064,832271.2,2768686.2,10039961,48,0,0,2440,4296,0.6566479,1.157774,0,4344,1043.9811,1044.3502,1090667.4,0,0,0,1,0,0,0,0,1,1048.9524,21.763159,1631.5374,76,1654,134,218626,29200,65,6,32,56516.332,143239.27,511362,14993,9588429.0,1434966.8,10024784,5031853
53,4307919,6,4,224,430,38,37,37.333332,0.5163978,133,82,107.5,29.444864,151.81345,2.3213065,478657.66,1392727.1,4191568,3,4291874,858374.8,1863902.8,4191723,3,4307809,1435936.4,2487070.5,4307758,3,0,0,144,104,1.3927839,0.9285226,37,133,62.909092,38.85989,1510.091,0,0,0,0,0,0,0,0,0,69.2,37.333332,107.5,6,224,4,430,-1,-1,5,20,0.0,0.0,0,0,0.0,0.0,0,0
80,287858,3,0,0,0,0,0,0.0,0.0,0,0,0.0,0.0,0.0,10.421805,143929.0,143754.81,245579,42279,287858,143929.0,143754.81,245579,42279,0,0.0,0.0,0,0,0,0,96,0,10.421805,0.0,0,0,0.0,0.0,0.0,0,0,0,0,1,0,0,0,0,0.0,0.0,0.0,3,0,0,0,242,-1,0,32,0.0,0.0,0,0,0.0,0.0,0,0
443,64063031,2,0,74,0,37,37,37.0,0.0,0,0,0.0,0.0,1.1551124,0.031219253,64100000.0,0.0,64100000,64100000,64100000,64100000.0,0.0,64100000,64100000,0,0.0,0.0,0,0,1,0,64,0,0.031219253,0.0,37,37,37.0,0.0,0.0,0,1,0,0,1,1,0,0,0,55.5,37.0,0.0,2,74,0,0,32832,-1,1,32,0.0,0.0,0,0,0.0,0.0,0,0
8080,78234,4,3,210,134,198,0,52.5,97.04123,128,0,44.666668,72.23111,4397.0654,89.47517,13039.0,30948.94,76210,18,78234,26078.0,44518.37,77482,49,76786,38393.0,53481.312,76210,576,0,0,92,72,51.128666,38.3465,0,198,43.0,76.44232,5843.4287,0,0,0,1,0,0,0,0,0,49.142857,52.5,44.666668,4,210,3,134,8192,237,3,20,0.0,0.0,0,0,0.0,0.0,0,0
443,103503,11,7,627,4708,389,0,57.0,118.304695,1765,0,672.5714,806.8411,51544.4,173.908,6088.4116,10351.012,26288,3,103503,10350.3,16551.496,48734,3,75110,12518.333,13620.079,26288,3,0,0,364,232,106.277115,67.63089,0,1765,280.78946,565.1995,319450.5,0,0,0,1,0,0,0,0,0,296.3889,57.0,672.5714,11,627,7,4708,65535,972,5,32,0.0,0.0,0,0,0.0,0.0,0,0
53814,3,2,0,37,0,37,0,18.5,26.16295,0,0,0.0,0.0,12300000.0,666666.7,3.0,0.0,3,3,3,3.0,0.0,3,3,0,0.0,0.0,0,0,1,0,64,0,666666.7,0.0,0,37,24.666666,21.36196,456.33334,0,1,0,0,1,0,0,0,0,37.0,18.5,0.0,2,37,0,0,243,-1,0,32,0.0,0.0,0,0,0.0,0.0,0,0
53,84609,2,2,66,534,33,33,33.0,0.0,267,267,267.0,0.0,7091.4443,47.276295,28203.0,48842.965,84602,3,4,4.0,0.0,4,4,3,3.0,0.0,3,3,0,0,64,64,23.638147,23.638147,33,267,126.6,128.16708,16426.8,0,0,0,0,0,0,0,0,1,158.25,33.0,267.0,2,66,2,534,-1,-1,1,32,0.0,0.0,0,0,0.0,0.0,0,0
53,105543,2,2,64,150,32,32,32.0,0.0,75,75,75.0,0.0,2027.6096,37.899246,35181.0,60931.816,105539,1,1,1.0,0.0,1,1,3,3.0,0.0,3,3,0,0,64,64,18.949623,18.949623,32,75,49.2,23.55207,554.7,0,0,0,0,0,0,0,0,1,61.5,32.0,75.0,2,64,2,150,-1,-1,1,32,0.0,0.0,0,0,0.0,0.0,0,0
80,95,2,0,12,0,6,6,6.0,0.0,0,0,0.0,0.0,126315.79,21052.63,95.0,0.0,95,95,95,95.0,0.0,95,95,0,0.0,0.0,0,0,0,0,40,0,21052.63,0.0,6,6,6.0,0.0,0.0,0,0,0,0,1,0,0,0,0,9.0,6.0,0.0,2,12,0,0,257,-1,1,20,0.0,0.0,0,0,0.0,0.0,0,0
443,5778254,8,6,406,4875,225,0,50.75,81.942055,1689,2,812.5,802.6939,913.9439,2.4228773,444481.06,1518055.4,5495155,12,5778254,825464.9,2060027.0,5495155,12,103719,20743.8,27264.291,55094,50,0,0,172,124,1.3845012,1.038376,0,1689,352.06668,620.53357,385061.94,0,0,0,1,0,0,0,0,0,377.2143,50.75,812.5,8,406,6,4875,8192,30016,7,20,283087.0,0.0,283087,283087,5495155.0,0.0,5495155,5495155
8080,1001746,3,3,0,18,0,0,0.0,0.0,6,6,6.0,0.0,17.968626,5.9895425,200349.2,273672.2,500358,349,1001397,500698.5,236.88077,500866,500531,1001141,500570.5,193.04015,500707,500434,0,0,92,60,2.9947712,2.9947712,0,6,2.5714285,3.207135,10.285714,0,0,0,1,0,0,0,0,1,3.0,0.0,6.0,3,0,3,18,8192,0,0,28,0.0,0.0,0,0,0.0,0.0,0,0
53,177,2,2,72,136,36,36,36.0,0.0,68,68,68.0,0.0,1175141.2,22598.87,59.0,96.13012,170,3,4,4.0,0.0,4,4,3,3.0,0.0,3,3,0,0,64,64,11299.435,11299.435,36,68,48.8,17.527122,307.2,0,0,0,0,0,0,0,0,1,61.0,36.0,68.0,2,72,2,136,-1,-1,1,32,0.0,0.0,0,0,0.0,0.0,0,0
53,30982,4,2,132,278,33,33,33.0,0.0,139,139,139.0,0.0,13233.49,193.66084,6196.4,13505.48,30351,3,30357,10119.0,17521.426,30351,3,4,4.0,0.0,4,4,0,0,80,40,129.10722,64.55361,33,139,63.285713,51.722702,2675.238,0,0,0,0,0,0,0,0,0,73.833336,33.0,139.0,4,132,2,278,-1,-1,3,20,0.0,0.0,0,0,0.0,0.0,0,0
80,5610474,3,1,0,0,0,0,0.0,0.0,0,0,0.0,0.0,0.0,0.71295226,1870158.0,3238593.0,5609763,139,5610474,2805237.0,3966198.8,5609763,711,0,0.0,0.0,0,0,0,0,104,40,0.53471416,0.17823806,0,0,0.0,0.0,0.0,0,0,0,1,0,0,0,0,0,0.0,0.0,0.0,3,0,1,0,29200,28960,0,32,0.0,0.0,0,0,0.0,0.0,0,0
21,9847016,9,15,108,188,22,0,12.0,9.643651,34,0,12.533334,14.54975,30.059868,2.4372866,428131.12,1108173.5,3304574,3,6499422,812427.75,1492057.2,3270197,234,9846895,703349.6,1367403.1,3304574,3,0,0,296,488,0.91398245,1.5233041,0,34,11.84,12.674383,160.64,0,0,0,1,0,0,0,0,1,12.333333,12.0,12.533334,9,108,15,188,29200,227,6,32,0.0,0.0,0,0,0.0,0.0,0,0
8080,74319,4,3,207,134,195,0,51.75,95.54188,128,0,44.666668,72.23111,4588.3286,94.18857,12386.5,29430.125,72458,56,74319,24773.0,42345.168,73668,56,73061,36530.5,50809.156,72458,603,0,0,92,72,53.822037,40.366528,0,195,42.625,75.57577,5711.6963,0,0,0,1,0,0,0,0,0,48.714287,51.75,44.666668,4,207,3,134,8192,237,3,20,0.0,0.0,0,0,0.0,0.0,0,0
1010,55,1,1,2,6,2,2,2.0,0.0,6,6,6.0,0.0,145454.55,36363.637,55.0,0.0,55,55,0,0.0,0.0,0,0,0,0.0,0.0,0,0,0,0,24,20,18181.818,18181.818,2,6,3.3333333,2.309401,5.3333335,0,0,0,1,0,0,0,0,1,5.0,2.0,6.0,1,2,1,6,1024,0,0,24,0.0,0.0,0,0,0.0,0.0,0,0
80,18706,3,5,26,11607,20,0,8.666667,10.263203,7215,0,2321.4,3327.7698,621886.0,427.67026,2672.2856,6516.7583,17443,3,931,465.5,396.6869,746,185,18626,4656.5,8536.047,17443,3,0,0,72,112,160.37634,267.2939,0,7215,1292.5555,2650.5857,7025604.5,0,0,0,1,0,0,0,0,1,1454.125,8.666667,2321.4,3,26,5,11607,8192,229,2,20,0.0,0.0,0,0,0.0,0.0,0,0
50449,260811,5,4,3,0,2,0,0.6,0.8944272,0,0,0.0,0.0,11.502583,34.507748,32601.375,42943.62,88320,37,260811,65202.75,38432.93,88370,8030,183474,61158.0,46003.47,88361,8043,0,0,100,104,19.17097,15.336777,0,2,0.3,0.6749486,0.45555556,0,0,0,0,1,0,0,0,0,0.33333334,0.6,0.0,5,3,4,0,140,434,2,20,0.0,0.0,0,0,0.0,0.0,0,0
53,30964,4,4,128,192,32,32,32.0,0.0,48,48,48.0,0.0,10334.582,258.36456,4423.4287,11605.914,30743,1,30749,10249.667,17747.748,30743,3,98,32.666668,27.428696,49,1,0,0,80,80,129.18228,129.18228,32,48,39.11111,8.43274,71.111115,0,0,0,0,0,0,0,0,1,44.0,32.0,48.0,4,128,4,192,-1,-1,3,20,0.0,0.0,0,0,0.0,0.0,0,0
443,32307,1,2,0,0,0,0,0.0,0.0,0,0,0.0,0.0,0.0,92.85913,16153.5,17659.992,28641,3666,0,0.0,0.0,0,0,3666,3666.0,0.0,3666,3666,0,0,32,64,30.953045,61.90609,0,0,0.0,0.0,0.0,0,0,0,0,1,1,0,0,2,0.0,0.0,0.0,1,0,2,0,461,96,0,32,0.0,0.0,0,0,0.0,0.0,0,0
21,207,2,1,14,0,14,0,7.0,9.899495,0,0,0.0,0.0,67632.85,14492.754,103.5,37.476658,130,77,207,207.0,0.0,207,207,0,0.0,0.0,0,0,1,0,64,20,9661.836,4830.918,0,14,7.0,8.082904,65.333336,0,1,0,0,1,0,0,0,0,9.333333,7.0,0.0,2,14,1,0,229,0,0,32,0.0,0.0,0,0,0.0,0.0,0,0
53,254,2,2,100,342,50,50,50.0,0.0,171,171,171.0,0.0,1740157.5,15748.031,84.666664,103.96794,202,4,48,48.0,0.0,48,48,4,4.0,0.0,4,4,0,0,64,64,7874.0156,7874.0156,50,171,98.4,66.27443,4392.3,0,0,0,0,0,0,0,0,1,123.0,50.0,171.0,2,100,2,342,-1,-1,1,32,0.0,0.0,0,0,0.0,0.0,0,0
53,230977,4,2,164,138,41,41,41.0,0.0,69,69,69.0,0.0,1307.4895,25.976612,46195.4,85095.21,195987,1,34987,11662.333,20198.021,34985,1,3,3.0,0.0,3,3,0,0,80,40,17.317741,8.658871,41,69,49.0,13.662601,186.66667,0,0,0,0,0,0,0,0,0,57.166668,41.0,69.0,4,164,2,138,-1,-1,3,20,0.0,0.0,0,0,0.0,0.0,0,0
51978,135,1,1,6,6,6,6,6.0,0.0,6,6,6.0,0.0,88888.89,14814.814,135.0,0.0,135,135,0,0.0,0.0,0,0,0,0.0,0.0,0,0,0,0,20,20,7407.407,7407.407,6,6,6.0,0.0,0.0,0,0,0,0,1,1,0,0,1,9.0,6.0,6.0,1,6,1,6,11256,256,0,20,0.0,0.0,0,0,0.0,0.0,0,0
53,30221,1,1,50,105,50,50,50.0,0.0,105,105,105.0,0.0,5128.884,66.179146,30221.0,0.0,30221,30221,0,0.0,0.0,0,0,0,0.0,0.0,0,0,0,0,20,20,33.089573,33.089573,50,105,68.333336,31.754265,1008.3333,0,0,0,0,0,0,0,0,1,102.5,50.0,105.0,1,50,1,105,-1,-1,0,20,0.0,0.0,0,0,0.0,0.0,0,0
80,5574,3,6,376,11595,376,0,125.333336,217.0837,5792,0,1932.5,2181.0083,2147649.8,1614.6394,696.75,1648.9984,4772,1,4982,2491.0,3227.2354,4773,209,5573,1114.6,2199.353,5046,44,0,0,104,200,538.21313,1076.4263,0,5792,1197.1,1885.6832,3555801.5,0,0,0,1,0,0,0,0,2,1330.1111,125.333336,1932.5,3,376,6,11595,29200,235,1,32,0.0,0.0,0,0,0.0,0.0,0,0
443,118089623,21,25,1021,21965,323,0,48.61905,82.391426,1430,0,878.6,669.8885,194.64877,0.38953465,2624213.8,12300000.0,58900000,3,118000000,5904481.0,18100000.0,58900000,51,118000000,4916820.0,16600000.0,59000000,3,0,0,432,512,0.17783104,0.21170361,0,1430,489.06384,642.8917,413309.75,0,0,0,1,0,0,0,0,1,499.69565,48.61905,878.6,21,1021,25,21965,8192,360,20,20,145998.0,71994.78,196906,95090,58900000.0,72785.33,58900000,58800000
57617,684,3,1,50,6,38,6,16.666666,18.475208,6,6,6.0,0.0,81871.34,5847.953,228.0,327.15286,603,1,684,342.0,482.24683,683,1,0,0.0,0.0,0,0,0,0,60,20,4385.965,1461.9883,6,38,12.4,14.310835,204.8,0,0,0,0,1,0,0,0,0,15.5,16.666666,6.0,3,50,1,6,351,0,2,20,0.0,0.0,0,0,0.0,0.0,0,0
53,181,2,2,88,202,44,44,44.0,0.0,101,101,101.0,0.0,1602210.0,22099.447,60.333332,65.37839,131,2,2,2.0,0.0,2,2,48,48.0,0.0,48,48,0,0,40,40,11049.724,11049.724,44,101,66.8,31.220186,974.7,0,0,0,0,0,0,0,0,1,83.5,44.0,101.0,2,88,2,202,-1,-1,1,20,0.0,0.0,0,0,0.0,0.0,0,0
53,30693,1,1,56,72,56,56,56.0,0.0,72,72,72.0,0.0,4170.332,65.16144,30693.0,0.0,30693,30693,0,0.0,0.0,0,0,0,0.0,0.0,0,0,0,0,32,20,32.58072,32.58072,56,72,61.333332,9.237604,85.333336,0,0,0,0,0,0,0,0,1,92.0,56.0,72.0,1,56,1,72,-1,-1,0,32,0.0,0.0,0,0,0.0,0.0,0,0
80,20719,2,0,12,0,6,6,6.0,0.0,0,0,0.0,0.0,579.1785,96.529755,20719.0,0.0,20719,20719,20719,20719.0,0.0,20719,20719,0,0.0,0.0,0,0,0,0,40,0,96.529755,0.0,6,6,6.0,0.0,0.0,0,0,0,0,1,0,0,0,0,9.0,6.0,0.0,2,12,0,0,254,-1,1,20,0.0,0.0,0,0,0.0,0.0,0,0
443,265342,22,34,887,52779,405,0,40.31818,101.86984,2896,0,1552.3235,856.9232,202252.19,211.04839,4824.4,12696.367,65274,0,265342,12635.333,18529.564,65274,0,173276,5250.788,15530.688,79737,49,0,0,716,1096,82.911865,128.13652,0,2896,941.5088,999.01056,998022.1,0,0,0,1,0,0,0,0,1,958.3214,40.31818,1552.3235,22,887,34,52779,65535,122,6,32,0.0,0.0,0,0,0.0,0.0,0,0
49157,105,2,2,4,12,2,2,2.0,0.0,6,6,6.0,0.0,152380.95,38095.24,35.0,29.715317,56,1,1,1.0,0.0,1,1,48,48.0,0.0,48,48,0,0,48,40,19047.62,19047.62,2,6,3.6,2.1908903,4.8,0,0,0,1,0,0,0,0,1,4.5,2.0,6.0,2,4,2,12,1024,0,1,24,0.0,0.0,0,0,0.0,0.0,0,0
80,5434014,3,1,0,0,0,0,0.0,0.0,0,0,0.0,0.0,0.0,0.73610413,1811338.0,3124258.8,5418911,61,5434014,2717007.0,3821069.2,5418911,15103,0,0.0,0.0,0,0,0,0,72,32,0.55207807,0.18402603,0,0,0.0,0.0,0.0,0,0,0,1,0,0,0,0,0,0.0,0.0,0.0,3,0,1,0,8192,29200,0,20,0.0,0.0,0,0,0.0,0.0,0,0
57186,4,2,0,0,0,0,0,0.0,0.0,0,0,0.0,0.0,0.0,500000.0,4.0,0.0,4,4,4,4.0,0.0,4,4,0,0.0,0.0,0,0,0,0,64,0,500000.0,0.0,0,0,0.0,0.0,0.0,0,0,0,0,1,0,0,0,0,0.0,0.0,0.0,2,0,0,0,361,-1,0,32,0.0,0.0,0,0,0.0,0.0,0,0
53,164,2,2,82,114,41,41,41.0,0.0,57,57,57.0,0.0,1195122.0,24390.244,54.666668,54.151024,111,3,3,3.0,0.0,3,3,50,50.0,0.0,50,50,0,0,40,40,12195.122,12195.122,41,57,47.4,8.763561,76.8,0,0,0,0,0,0,0,0,1,59.25,41.0,57.0,2,82,2,114,-1,-1,1,20,0.0,0.0,0,0,0.0,0.0,0,0
443,5761200,6,4,599,152,517,0,99.833336,205.45113,152,0,38.0,76.0,130.35478,1.7357495,640133.3,1878035.9,5647906,3,5761200,1152240.0,2548869.2,5711743,3,89180,29726.666,32248.809,64282,431,0,0,132,92,1.0414497,0.6942998,0,517,68.27273,155.7826,24268.219,0,0,0,1,0,0,0,0,0,75.1,99.833336,38.0,6,599,4,152,8192,946,3,20,113291.0,0.0,113291,113291,5647906.0,0.0,5647906,5647906
35295,3,2,0,600,0,300,300,300.0,0.0,0,0,0.0,0.0,200000000.0,666666.7,3.0,0.0,3,3,3,3.0,0.0,3,3,0,0.0,0.0,0,0,0,0,40,0,666666.7,0.0,300,300,300.0,0.0,0.0,0,0,0,0,0,0,0,0,0,450.0,300.0,0.0,2,600,0,0,-1,-1,1,20,0.0,0.0,0,0,0.0,0.0,0,0
80,5804295,3,1,12,0,6,0,4.0,3.4641016,0,0,0.0,0.0,2.0674345,0.68914485,1934765.0,3318942.5,5767090,71,5804295,2902147.5,4051640.5,5767090,37205,0,0.0,0.0,0,0,0,0,72,32,0.51685864,0.17228621,0,6,2.4,3.2863352,10.8,0,0,0,1,0,0,0,0,0,3.0,4.0,0.0,3,12,1,0,8192,29200,2,20,0.0,0.0,0,0,0.0,0.0,0,0
144,10,1,1,2,6,2,2,2.0,0.0,6,6,6.0,0.0,800000.0,200000.0,10.0,0.0,10,10,0,0.0,0.0,0,0,0,0.0,0.0,0,0,0,0,24,20,100000.0,100000.0,2,6,3.3333333,2.309401,5.3333335,0,0,0,1,0,0,0,0,1,5.0,2.0,6.0,1,2,1,6,1024,0,0,24,0.0,0.0,0,0,0.0,0.0,0,0
80,5344151,3,1,0,0,0,0,0.0,0.0,0,0,0.0,0.0,0.0,0.74848187,1781383.6,3084718.8,5343310,156,5344151,2672075.5,3777696.0,5343310,841,0,0.0,0.0,0,0,0,0,104,40,0.5613614,0.18712047,0,0,0.0,0.0,0.0,0,0,0,1,0,0,0,0,0,0.0,0.0,0.0,3,0,1,0,29200,28960,0,32,0.0,0.0,0,0,0.0,0.0,0,0
53,59612,1,1,41,131,41,41,41.0,0.0,131,131,131.0,0.0,2885.3252,33.550293,59612.0,0.0,59612,59612,0,0.0,0.0,0,0,0,0.0,0.0,0,0,0,0,40,20,16.775146,16.775146,41,131,71.0,51.961525,2700.0,0,0,0,0,0,0,0,0,1,106.5,41.0,131.0,1,41,1,131,-1,-1,0,40,0.0,0.0,0,0,0.0,0.0,0,0
53,24006,2,2,56,218,28,28,28.0,0.0,109,109,109.0,0.0,11413.813,166.62502,8002.0,13856.406,24002,1,1,1.0,0.0,1,1,3,3.0,0.0,3,3,0,0,64,64,83.31251,83.31251,28,109,60.4,44.36553,1968.3,0,0,0,0,0,0,0,0,1,75.5,28.0,109.0,2,56,2,218,-1,-1,1,32,0.0,0.0,0,0,0.0,0.0,0,0
443,79863,6,6,1642,3369,987,0,273.66666,402.0063,1460,0,561.5,642.2279,62744.95,150.25731,7260.273,10765.552,24111,82,55430,11086.0,12749.143,25574,388,55768,11153.6,14293.738,28796,245,0,0,132,132,75.128654,75.128654,0,1460,385.46155,522.79974,273319.6,0,0,0,1,0,0,0,0,1,417.58334,273.66666,561.5,6,1642,6,3369,8192,63,5,20,0.0,0.0,0,0,0.0,0.0,0,0
53,145,2,2,88,210,44,44,44.0,0.0,105,105,105.0,0.0,2055172.4,27586.207,48.333332,77.65522,138,3,3,3.0,0.0,3,3,4,4.0,0.0,4,4,0,0,40,40,13793.104,13793.104,44,105,68.4,33.411076,1116.3,0,0,0,0,0,0,0,0,1,85.5,44.0,105.0,2,88,2,210,-1,-1,1,20,0.0,0.0,0,0,0.0,0.0,0,0
80,99157469,9,7,354,11595,354,0,39.333332,118.0,7240,0,1656.4286,2565.8508,120.505295,0.1613595,6610498.0,25600000.0,99000000,3,99000000,12400000.0,35000000.0,99000000,3,134625,22437.5,49523.895,123136,48,0,0,296,232,0.09076472,0.07059478,0,7240,702.8823,1775.4297,3152150.5,0,0,0,0,1,0,0,0,0,746.8125,39.333332,1656.4286,9,354,7,11595,251,235,1,32,4376.0,0.0,4376,4376,99000000.0,0.0,99000000,99000000
63604,5168,2,0,6,0,6,0,3.0,4.2426405,0,0,0.0,0.0,1160.9907,386.99692,5168.0,0.0,5168,5168,5168,5168.0,0.0,5168,5168,0,0.0,0.0,0,0,0,0,52,0,386.99692,0.0,0,6,2.0,3.4641016,12.0,0,0,0,0,1,0,0,0,0,3.0,3.0,0.0,2,6,0,0,104,-1,1,20,0.0,0.0,0,0,0.0,0.0,0,0
80,46167121,8,8,710,345,674,0,88.75,236.48604,309,0,43.125,107.45024,22.85176,0.34656698,3077808.0,4614089.0,10200000,43,40800000,5829619.5,5401985.0,10200000,164,46200000,6593123.0,4788142.0,10200000,15567,0,0,180,172,0.17328349,0.17328349,0,674,62.058823,174.05405,30294.809,0,0,0,1,0,0,0,0,1,65.9375,88.75,43.125,8,710,8,345,29200,30,7,20,58670.25,72706.62,166536,15022,10100000.0,100687.8,10200000,10000000
5555,48,2,0,4,0,2,2,2.0,0.0,0,0,0.0,0.0,83333.336,41666.668,48.0,0.0,48,48,48,48.0,0.0,48,48,0,0.0,0.0,0,0,0,0,48,0,41666.668,0.0,2,2,2.0,0.0,0.0,0,0,0,1,0,0,0,0,0,3.0,2.0,0.0,2,4,0,0,1024,-1,1,24,0.0,0.0,0,0,0.0,0.0,0,0
55628,29,1,1,6,6,6,6,6.0,0.0,6,6,6.0,0.0,413793.1,68965.516,29.0,0.0,29,29,0,0.0,0.0,0,0,0,0.0,0.0,0,0,0,0,20,20,34482.758,34482.758,6,6,6.0,0.0,0.0,0,0,0,0,1,1,0,0,1,9.0,6.0,6.0,1,6,1,6,118,252,0,20,0.0,0.0,0,0,0.0,0.0,0,0
53,35065116,2,2,111,191,63,48,55.5,10.606602,115,76,95.5,27.577164,8.612548,0.114073485,11700000.0,20000000.0,34800000,49982,35000000,35000000.0,0.0,35000000,35000000,34900000,34900000.0,0.0,34900000,34900000,0,0,52,40,0.057036743,0.057036743,48,115,73.0,25.48529,649.5,0,0,0,0,0,0,0,0,1,91.25,55.5,95.5,2,111,2,191,-1,-1,1,20,208387.0,0.0,208387,208387,34800000.0,0.0,34800000,34800000
